{"ec2": 1764551180.6707745, "ecs": 1764551180.8354924, "logs": 1764559310.528555, "ecr": 1764551090.6395473, "iam": 1764551090.6453586, "elbv2": 1764551180.5438597, "events": 1764551180.5293443}